{
  "project_info": {
    "project_number": "548566075283",
    "project_id": "parcial5th",
    "storage_bucket": "parcial5th.appspot.com"
  },
  "client": [
    {
      "client_info": {
        "mobilesdk_app_id": "1:548566075283:android:f4ca9be98bbb0ff6bb0a66",
        "android_client_info": {
          "package_name": "com.example.parcial5th"
        }
      },
      "oauth_client": [],
      "api_key": [
        {
          "current_key": "AIzaSyDuh9_yeM63tVLvHSFEJPXLIPiKvsCN9hk"
        }
      ],
      "services": {
        "appinvite_service": {
          "other_platform_oauth_client": []
        }
      }
    }
  ],
  "configuration_version": "1"
}